id,first_name,last_name
1,Leo,Hampton
2,Wake,Fynes
3,Parnell,Frome
4,Bellanca,Brewse
5,Bertrand,Lovell
6,Elsworth,Challace
7,Cole,Jeacock
8,Ema,Feavearyear
9,Evanne,McIan
10,Hynda,Haugg
11,Wolfy,Westmancoat
12,Sim,Walklott
13,Rodge,Quiddington
14,Ynez,Righy
15,Nicolai,Rhucroft
16,Lynnea,McCarle
17,Sebastien,Vasin
18,Davis,Dominick
19,Kathi,MacColgan
20,Demott,Lello
21,Delphinia,Spensly
22,Audrye,Climar
23,Alvis,Tredget
24,Jory,Rasch
25,Carlin,Clift
26,Rudd,Matushevitz
27,Jamal,Gever
28,Kenon,Ohlsen
29,Rolland,Grayer
30,Martynne,Hinckley
